"vegobjektid";"type_id";"versjonid";"startdato";"sistmodifisert";"Målestasjonsnummer";"Med-retning (fra)";"Mot-retning (fra)";"Kilde";"Registreringsnivå";"Trafikantgruppe";"Status";"Stedsnavn";"Antall kjørefelt";"Sist oppdatert fra NorTraf";"Prosjektreferanse";"Geometri, punkt";"kommune";"fylke";"region";"vegavdeling";"riksvegrute";"kontraktsområde";"vegreferanse";"fylkesnummer";"kommunenummer";"vegkategori";"vegstatus";"vegnummer";"fra hp";"til hp";"fra meter";"til meter";"stedfesting";"geometri";"srid"
"370075066";"482";"4";"2015-10-27";"2017-08-21T16:01:21";"300032";"Fra og mot Oslo";;"Registreringspunkt";"Kontinuerlig (Nivå 1)";"Sykkel";"Midlertidig ute av drift";"BEKKELAGET SYKKEL PK";"1";"2015-10-27";;;"Oslo";"Oslo";"ØST";"Oslo";"RUTE2A 2010-2019,RUTE2A 2014-2023";"0303 RIKSVEGER OSLO 2016-2021,0210 Drift Elektro veglyskontrakt Oslo og Akershus";"0300 Ev18 hp1 m6650";"3";"0";"E";"V";"18";"1";"1";"6650";;"625292 0.674338240631049 0.674338240631049 WITH N/A ";"POINT Z (263421.2225 6645848.57292 5.95283)";"32633"
"370075067";"482";"6";"2015-08-21";"2017-07-05T11:30:24";"300039";"MORTENSRUD";"ABILDSØ";"Registreringspunkt";"Kontinuerlig (Nivå 1)";"Motorkjøretøy";"Operativ";"SKULLERUD";"6";"2015-08-21";;;"Oslo";"Oslo";"ØST";"Oslo";"RUTE1 2014-2023";"0303 RIKSVEGER OSLO 2016-2021,0210 Drift Elektro veglyskontrakt Oslo og Akershus";"0300 Ev6 hp1 m5272";"3";"0";"E";"V";"6";"1";"1";"5272";;"625212 0.546884893779266 0.546884893779266 WITH N/A ";"POINT Z (266588.33818 6643481.57217 96.5)";"32633"
"370075068";"482";"4";"2015-08-21";"2017-08-21T16:01:21";"300096";"Fra Bygrense";"Mot Bygrense";"Registreringspunkt";"Kontinuerlig (Nivå 1)";"Motorkjøretøy";"Operativ";"EV 18 V/ MASTEMYR";"4";"2015-08-21";;;"Oslo";"Oslo";"ØST";"Oslo";"RUTE2A 2010-2019,RUTE2A 2014-2023";"0303 RIKSVEGER OSLO 2016-2021,0210 Drift Elektro veglyskontrakt Oslo og Akershus";"0300 Ev18 hp1 m200";"3";"0";"E";"V";"18";"1";"1";"200";;"625292 0.0208696069211704 0.0208696069211704 WITH N/A ";"POINT Z (263369.03668 6639802.96846 51.69042)";"32633"
"370075070";"482";"4";"2015-11-25";"2017-08-30T08:49:49";"300307";"RYEN";"SINSEN";"Registreringspunkt";"Kontinuerlig (Nivå 1)";"Motorkjøretøy";"Nedlagt, ikke lov å bruke";"MANGLERUD E6";"4";"2015-11-25";;;"Oslo";"Oslo";"ØST";"Oslo";"RUTE1 2014-2023";"0303 RIKSVEGER OSLO 2016-2021,0210 Drift Elektro veglyskontrakt Oslo og Akershus";"0300 Ev6 hp1 m10214";"3";"0";"E";"V";"6";"1";"1";"10214";;"625213 0.116936995768086 0.116936995768086 WITH N/A ";"POINT Z (266097.95606 6647725.71865 122.35854)";"32633"
"370075137";"482";"9";"2016-08-23";"2016-08-23T04:02:06";"300349";"Karihaugen";"Akershus grense";"Registreringspunkt";"Kontinuerlig (Nivå 1)";"Motorkjøretøy";"Operativ";"E6 V/KARIHAUGEN";"6";"2016-08-23";;;"Oslo";"Oslo";"ØST";"Oslo";"RUTE6A 2010-2019,RUTE6A 2014-2023";"0303 RIKSVEGER OSLO 2016-2021,0210 Drift Elektro veglyskontrakt Oslo og Akershus";"0300 Ev6 hp2 m6010";"3";"0";"E";"V";"6";"2";"2";"6010";;"625215 0.798539250366457 0.798539250366457 WITH N/A ";"POINT Z (272890.5442 6651710.77449 176.92498)";"32633"
"370086631";"482";"3";"2016-10-14";"2016-10-14T04:02:29";"300058";"Jerikoveien";;"Registreringspunkt";"Kontinuerlig (Nivå 1)";"Motorkjøretøy";"Nedlagt";"PÅKJ FRA JERIKOVEIEN";"1";"2016-10-14";;;"Oslo";"Oslo";"ØST";"Oslo";"RUTE6A 2010-2019,RUTE6A 2014-2023";"0303 RIKSVEGER OSLO 2016-2021,0210 Drift Elektro veglyskontrakt Oslo og Akershus";"0300 Ev6 hp90 m21270";"3";"0";"E";"V";"6";"90";"90";"21270";;"625280 0.394859372309539 0.394859372309539 WITH N/A ";"POINT Z (270193.14228 6651481.65469 152.34052)";"32633"
"370086797";"482";"4";"2015-02-18";"2017-03-20T12:44:24";"300318";"Klemetsrud";"Mortenssrud";"Registreringspunkt";"Kontinuerlig (Nivå 1)";"Motorkjøretøy";"Midlertidig ute av drift";"MORTENSRUD";"4";"2015-02-18";;;"Oslo";"Oslo";"ØST";"Oslo";"RUTE1 2014-2023";"0303 RIKSVEGER OSLO 2016-2021,0210 Drift Elektro veglyskontrakt Oslo og Akershus";"0300 Ev6 hp1 m3525";"3";"0";"E";"V";"6";"1";"1";"3525";;"625212 0.36561094496087 0.36561094496087 WITH N/A ";"POINT Z (266811.88336 6641759.88514 144.9)";"32633"
"370087011";"482";"2";"2013-03-15";"2013-03-15T03:10:38";"300027";;;"Registreringspunkt";"Kontinuerlig (Nivå 1)";"Motorkjøretøy";"Operativ";"Avkj Granfoss nord";"1";"2013-03-15";;;"Oslo";"Oslo";"ØST";"Oslo";"RUTE6A 2010-2019,RUTE6A 2014-2023";"0303 RIKSVEGER OSLO 2016-2021,0210 Drift Elektro veglyskontrakt Oslo og Akershus";"0300 Rv150 hp92 m12020";"3";"0";"R";"V";"150";"92";"92";"12020";;"625458 0.0917236913544737 0.0917236913544737 WITH N/A ";"POINT Z (257070.91627 6651241.68865 64.48362)";"32633"
"370089931";"482";"4";"2015-08-14";"2015-08-14T04:01:49";"300018";"Bekkelaget";"Bjørvika";"Registreringspunkt";"Kontinuerlig (Nivå 1)";"Motorkjøretøy";"Nedlagt";"Mosseveien v/Karlsbørgveien";"3";"2015-08-14";;;"Oslo";"Oslo";"ØST";"Oslo";"RUTE2A 2010-2019,RUTE2A 2014-2023";"0303 RIKSVEGER OSLO 2016-2021,0210 Drift Elektro veglyskontrakt Oslo og Akershus";"0300 Ev18 hp1 m8250";"3";"0";"E";"V";"18";"1";"1";"8250";;"2545188 0.558709194922527 0.558709194922527 WITH N/A ";"POINT Z (262748.51625 6647297.24823 8.70589)";"32633"
"370090442";"482";"4";"2015-05-21";"2018-02-01T14:35:58";"300016";"Sinsen";"Storo";"Registreringspunkt";"Kontinuerlig (Nivå 1)";"Motorkjøretøy";"Operativ";"Rv 150 Grefsen";"6";"2015-05-21";;;"Oslo";"Oslo";"ØST";"Oslo";"RUTE6A 2010-2019,RUTE6A 2014-2023";"0303 RIKSVEGER OSLO 2016-2021,0210 Drift Elektro veglyskontrakt Oslo og Akershus";"0300 Rv150 hp1 m3097";"3";"0";"R";"V";"150";"1";"1";"3097";;"625405 0.312904044893022 0.312904044893022 WITH N/A ";"POINT Z (264383.8042 6652391.84661 113)";"32633"
"370090526";"482";"5";"2016-08-09";"2017-02-13T15:58:17";"300086";"Grorudveien";"Jernkroken";"Registreringspunkt";"Kontinuerlig (Nivå 1)";"Motorkjøretøy";"Operativ";"GRORUD STASJON";"6";"2016-08-09";;;"Oslo";"Oslo";"ØST";"Oslo";"RUTE6A 2014-2023";"0303 RIKSVEGER OSLO 2016-2021,0210 Drift Elektro veglyskontrakt Oslo og Akershus";"0300 Rv163 hp1 m5960";"3";"0";"R";"V";"163";"1";"1";"5960";;"625530 0.606367681757781 0.606367681757781 WITH N/A ";"POINT Z (270268.08196 6653046.0233 125.08893)";"32633"
"370090850";"482";"2";"2013-09-26";"2017-07-27T12:45:58";"300037";"MORGEDALSVEIEN";"PERSBRÅTEN";"Registreringspunkt";"Kontinuerlig (Nivå 1)";"Sykkel";"Midlertidig ute av drift";"MAKRELLBEKKEN SYKKE";"2";"2013-09-26";;;"Oslo";"Oslo";"ØST";"Oslo";"";"";"0301 Kv168 hp1 m5001";"3";"301";"K";"V";"168";"1";"1";"5001";;"625582 0.491313454055135 0.491313454055135 WITH N/A ";"POINT Z (258083.11874 6652881.02355 110.07322)";"32633"
"370090854";"482";"3";"2013-09-26";"2017-07-27T12:45:58";"300084";"morgedalsveien";"persbråten";"Registreringspunkt";"Kontinuerlig (Nivå 1)";"Motorkjøretøy";"Midlertidig ute av drift";"MAKRELLBEKKEN";"2";"2013-09-26";;;"Oslo";"Oslo";"ØST";"Oslo";"";"";"0301 Kv168 hp1 m5000";"3";"301";"K";"V";"168";"1";"1";"5000";;"625582 0.491099012449496 0.491099012449496 WITH N/A ";"POINT Z (258084.15432 6652880.89406 110.0163)";"32633"
"370090856";"482";"3";"2013-03-15";"2017-03-24T15:34:36";"300320";"OSLO";"Bjerke";"Registreringspunkt";"Kontinuerlig (Nivå 1)";"Motorkjøretøy";"Operativ";"TR.HEIMSVN V/AKERSY";"5";"2013-03-15";;;"Oslo";"Oslo";"ØST";"Oslo";"RUTE6A 2010-2019,RUTE6A 2014-2023";"0303 RIKSVEGER OSLO 2016-2021,0210 Drift Elektro veglyskontrakt Oslo og Akershus";"0300 Rv4 hp3 m2275";"3";"0";"R";"V";"4";"3";"3";"2275";;"625367 0.140645615342361 0.140645615342361 WITH N/A ";"POINT Z (265288.38292 6652272.11883 144.51268)";"32633"
"370091190";"482";"3";"2013-09-26";"2017-07-27T09:29:30";"300081";"H. Svartes gt";"Verksted veien";"Registreringspunkt";"Kontinuerlig (Nivå 1)";"Motorkjøretøy";"Midlertidig ute av drift";"DRAMENS VEIEN/2002";"2";"2013-09-26";;;"Oslo";"Oslo";"ØST";"Oslo";"";"";"0301 Kv161 hp2 m8100";"3";"301";"K";"V";"161";"2";"2";"8100";;"625503 0.784953903115607 0.784953903115607 WITH N/A ";"POINT Z (259153.35974 6650420.06096 5.69214)";"32633"
"370091191";"482";"4";"2017-08-10";"2018-02-01T14:35:58";"300233";"SANDAKERVEIEN";"MARIDALSVEIEN";"Registreringspunkt";"Kontinuerlig (Nivå 1)";"Motorkjøretøy";"Midlertidig ute av drift";"ST.RINGV V/NYDALSBR";"4";"2017-08-10";;;"Oslo";"Oslo";"ØST";"Oslo";"RUTE6A 2010-2019,RUTE6A 2014-2023";"0303 RIKSVEGER OSLO 2016-2021,0210 Drift Elektro veglyskontrakt Oslo og Akershus";"0300 Rv150 hp1 m4759";"3";"0";"R";"V";"150";"1";"1";"4759";;"625405 0.483772183502633 0.483772183502633 WITH N/A ";"POINT Z (263711.22764 6653775.1986 122.30966)";"32633"
"370091801";"482";"3";"2013-10-10";"2013-10-10T04:01:47";"300026";;;"Registreringspunkt";"Kontinuerlig (Nivå 1)";"Motorkjøretøy";"Midlertidig ute av drift";"Påkj granfoss Nord";"1";"2013-10-10";;;"Oslo";"Oslo";"ØST";"Oslo";"RUTE6A 2010-2019,RUTE6A 2014-2023";"0303 RIKSVEGER OSLO 2016-2021,0210 Drift Elektro veglyskontrakt Oslo og Akershus";"0300 Rv150 hp92 m21222";"3";"0";"R";"V";"150";"92";"92";"21222";;"625460 0.463835954122121 0.463835954122121 WITH N/A ";"POINT Z (257081.31454 6651222.56101 64.32383)";"32633"
"370092400";"482";"3";"2015-06-20";"2017-10-12T22:27:53";"300083";"SMESTAD";"ULLERN";"Registreringspunkt";"Kontinuerlig (Nivå 1)";"Motorkjøretøy";"Operativ";"SMESTAD BRANNSTASJON";"4";"2015-06-20";;;"Oslo";"Oslo";"ØST";"Oslo";"RUTE6A 2010-2019,RUTE6A 2014-2023";"0303 RIKSVEGER OSLO 2016-2021";"0300 Rv150 hp1 m10790";"3";"0";"R";"V";"150";"1";"1";"10790";;"625406 0.247644648620362 0.247644648620362 WITH N/A ";"POINT Z (258283.1533 6651930.68452 51.35942)";"32633"
"370092416";"482";"4";"2017-09-05";"2017-09-05T04:01:17";"300049";"Sinsen";;"Registreringspunkt";"Kontinuerlig (Nivå 1)";"Motorkjøretøy";"Midlertidig ute av drift";"PÅKJ. TIL RV 4";"1";"2017-09-05";;;"Oslo";"Oslo";"ØST";"Oslo";"RUTE6A 2010-2019,RUTE6A 2014-2023";"0303 RIKSVEGER OSLO 2016-2021,0210 Drift Elektro veglyskontrakt Oslo og Akershus";"0300 Rv4 hp82 m23150";"3";"0";"R";"V";"4";"82";"82";"23150";;"625377 0.569707937361689 0.569707937361689 WITH N/A ";"POINT Z (266129.30836 6652460.35149 160.83413)";"32633"
"370092750";"482";"7";"2017-11-11";"2017-11-11T03:01:10";"303027";"Havnelageret";"Framnes";"Registreringspunkt";"Kontinuerlig (Nivå 1)";"Motorkjøretøy";"Operativ";"FESTNINGTUNNEL";"6";"2017-11-11";;;"Oslo";"Oslo";"ØST";"Oslo";"RUTE3 2010-2019,RUTE3 2014-2023";"0310 TUNNELKONTRAKT OSLO 2014-2019,0303 RIKSVEGER OSLO 2016-2021";"0300 Ev18 hp2 m2020";"3";"0";"E";"V";"18";"2";"2";"2020";;"625294 0.203181476023143 0.203181476023143 WITH N/A ";"POINT Z (261637.91709 6649020.21752 -37.08049)";"32633"
"370092902";"482";"3";"2015-11-26";"2018-02-01T14:35:58";"300061";"Bryn";"Økern";"Registreringspunkt";"Kontinuerlig (Nivå 1)";"Motorkjøretøy";"Nedlagt";"ULVENSPLITTEN";"4";"2015-11-26";;;"Oslo";"Oslo";"ØST";"Oslo";"RUTE6A 2010-2019,RUTE6A 2014-2023";"0303 RIKSVEGER OSLO 2016-2021";"0300 Rv150 hp1 m140";"3";"0";"R";"V";"150";"1";"1";"140";;"625405 0.014317721724094 0.014317721724094 WITH N/A ";"POINT Z (265727.02313 6650023.56087 94.6)";"32633"
"370094563";"482";"2";"2017-04-11";"2017-12-21T12:36:50";"300031";"NEDRE KALDBAKKVEI";"ALNABRUTERMINALEN";"Registreringspunkt";"Kontinuerlig (Nivå 1)";"Motorkjøretøy";"Midlertidig ute av drift";"RV191 ALFASETVEIEN";"2";"2017-04-11";;;"Oslo";"Oslo";"ØST";"Oslo";"RUTE6A 2010-2019,RUTE6A 2014-2023";"0303 RIKSVEGER OSLO 2016-2021,0210 Drift Elektro veglyskontrakt Oslo og Akershus";"0300 Rv191 hp50 m338";"3";"0";"R";"V";"191";"50";"50";"338";;"625614 0.46135486391554 0.46135486391554 WITH N/A ";"POINT Z (268372.8958 6651424.18547 112.90709)";"32633"
"370094631";"482";"4";"2014-03-07";"2016-02-10T10:42:31";"300079";"Alnabru";"Helsfyr";"Registreringspunkt";"Kontinuerlig (Nivå 1)";"Motorkjøretøy";"Midlertidig ute av drift";"TEISEN 2002";"6";"2014-03-07";;;"Oslo";"Oslo";"ØST";"Oslo";"RUTE6A 2010-2019,RUTE6A 2014-2023";"0303 RIKSVEGER OSLO 2016-2021,0210 Drift Elektro veglyskontrakt Oslo og Akershus";"0300 Ev6 hp51 m1158";"3";"0";"E";"V";"6";"51";"51";"1158";;"625649 0.151938046219073 0.151938046219073 WITH N/A ";"POINT Z (266222.32843 6649779.94187 103.46579)";"32633"
"370094632";"482";"6";"2017-04-06";"2017-04-06T04:05:30";"300224";"FILIPSTADVEIEN";"BYGDØY ALLE";"Registreringspunkt";"Kontinuerlig (Nivå 1)";"Motorkjøretøy";"Operativ";"E18-FROGNERSTR V/SK";"6";"2017-04-06";;;"Oslo";"Oslo";"ØST";"Oslo";"RUTE3 2010-2019,RUTE3 2014-2023";"0303 RIKSVEGER OSLO 2016-2021,0210 Drift Elektro veglyskontrakt Oslo og Akershus";"0300 Ev18 hp2 m4481";"3";"0";"E";"V";"18";"2";"2";"4481";;"625294 0.522314800195188 0.522314800195188 WITH N/A ";"POINT Z (259565.2555 6649740.60418 1.78272)";"32633"
"370095217";"482";"3";"2014-03-15";"2016-11-21T10:08:43";"300038";"FESTNINGTUNNELEN";"DRONNING MAUDS GT";"Registreringspunkt";"Kontinuerlig (Nivå 1)";"Motorkjøretøy";"Midlertidig ute av drift";"VESTBANEKRYSSET";"3";"2014-03-15";;;"Oslo";"Oslo";"ØST";"Oslo";"RUTE3 2010-2019,RUTE3 2014-2023";"0303 RIKSVEGER OSLO 2016-2021,0210 Drift Elektro veglyskontrakt Oslo og Akershus";"0300 Ev18 hp94 m14680";"3";"0";"E";"V";"18";"94";"94";"14680";;"625327 0.668882207591825 0.668882207591825 WITH N/A ";"POINT Z (261140.28358 6649293.41196 0.98864)";"32633"
"370095220";"482";"3";"2015-03-26";"2017-03-24T15:34:36";"300231";"SENTRUM";"GJELLERÅSEN";"Registreringspunkt";"Kontinuerlig (Nivå 1)";"Motorkjøretøy";"Operativ";"AMMERUD";"4";"2015-03-26";;;"Oslo";"Oslo";"ØST";"Oslo";"RUTE6A 2010-2019,RUTE6A 2014-2023";"0303 RIKSVEGER OSLO 2016-2021,0210 Drift Elektro veglyskontrakt Oslo og Akershus";"0300 Rv4 hp3 m7500";"3";"0";"R";"V";"4";"3";"3";"7500";;"625367 0.664104363172593 0.664104363172593 WITH N/A ";"POINT Z (269821.08381 6654001.03599 181.95347)";"32633"
"370095302";"482";"6";"2017-11-03";"2017-11-03T03:01:47";"302137";"TØYENBEKKEN";"HAAKON VII?S GATE";"Registreringspunkt";"Kontinuerlig (Nivå 1)";"Motorkjøretøy";"Operativ";"VATERLANDTUNNELEN";"2";"2017-11-03";;;"Oslo";"Oslo";"ØST";"Oslo";"RUTE3 2010-2019,RUTE3 2014-2023";"0310 TUNNELKONTRAKT OSLO 2014-2019,0303 RIKSVEGER OSLO 2016-2021";"0300 Rv162 hp1 m2417";"3";"0";"R";"V";"162";"1";"1";"2417";;"625517 0.265527591377338 0.265527591377338 WITH N/A ";"POINT Z (262453.81643 6649661.69604 5.82295)";"32633"
"370095325";"482";"3";"2016-10-14";"2016-10-14T04:02:31";"300059";"Alnabru";;"Registreringspunkt";"Kontinuerlig (Nivå 1)";"Motorkjøretøy";"Nedlagt";"AVKJ TIL JERIKOVEI";"2";"2016-10-14";;;"Oslo";"Oslo";"ØST";"Oslo";"RUTE6A 2010-2019,RUTE6A 2014-2023";"0303 RIKSVEGER OSLO 2016-2021,0210 Drift Elektro veglyskontrakt Oslo og Akershus";"0300 Ev6 hp90 m12320";"3";"0";"E";"V";"6";"90";"90";"12320";;"625278 0.602653460806326 0.602653460806326 WITH N/A ";"POINT Z (270203.9909 6651435.03926 151.54393)";"32633"
"370096168";"482";"5";"2017-09-05";"2017-09-05T04:01:18";"300051";;"Gjelleråsen";"Registreringspunkt";"Kontinuerlig (Nivå 1)";"Motorkjøretøy";"Midlertidig ute av drift";"AVKJ. FRA RV 4";"1";"2017-09-05";;;"Oslo";"Oslo";"ØST";"Oslo";"RUTE6A 2010-2019,RUTE6A 2014-2023";"0303 RIKSVEGER OSLO 2016-2021,0210 Drift Elektro veglyskontrakt Oslo og Akershus";"0300 Rv4 hp82 m32075";"3";"0";"R";"V";"4";"82";"82";"32075";;"625378 0.377728656245739 0.377728656245739 WITH N/A ";"POINT Z (266088.29357 6652477.68234 161.18237)";"32633"
"370096397";"482";"6";"2016-06-24";"2018-02-01T14:35:58";"300074";"Tåsen";"Sogn";"Registreringspunkt";"Kontinuerlig (Nivå 1)";"Sykkel";"Operativ";"ULLEVÅL SYKKEL 08";"1";"2016-06-24";;;"Oslo";"Oslo";"ØST";"Oslo";"RUTE6A 2010-2019,RUTE6A 2014-2023";"0303 RIKSVEGER OSLO 2016-2021,0210 Drift Elektro veglyskontrakt Oslo og Akershus";"0300 Rv150 hp1 m6770";"3";"0";"R";"V";"150";"1";"1";"6770";;"625405 0.690317470842177 0.690317470842177 WITH N/A ";"POINT Z (261771.2583 6653555.83662 97.58266)";"32633"
"370096468";"482";"6";"2017-10-05";"2017-10-12T22:27:53";"303026";"Smestad";"Lysaker";"Registreringspunkt";"Kontinuerlig (Nivå 1)";"Motorkjøretøy";"Nedlagt, ikke lov å bruke";"GRANFOSSTUNNELEN";"4";"2017-10-05";;;"Oslo";"Oslo";"ØST";"Oslo";"RUTE6A 2010-2019,RUTE6A 2014-2023";"0303 RIKSVEGER OSLO 2016-2021";"0300 Rv150 hp1 m12202";"3";"0";"R";"V";"150";"1";"1";"12202";;"625406 0.592150228642519 0.592150228642519 WITH N/A ";"POINT Z (257075.25204 6651234.11898 64.37991)";"32633"
"370096471";"482";"3";"2015-11-26";"2016-02-08T13:13:17";"300063";"Alnakrysset";;"Registreringspunkt";"Kontinuerlig (Nivå 1)";"Motorkjøretøy";"Nedlagt";"ULVENSPLITTEN E6/03";"2";"2015-11-26";;;"Oslo";"Oslo";"ØST";"Oslo";"RUTE6A 2010-2019,RUTE6A 2014-2023";"0303 RIKSVEGER OSLO 2016-2021,0210 Drift Elektro veglyskontrakt Oslo og Akershus";"0300 Ev6 hp1 m22063";"3";"0";"E";"V";"6";"1";"1";"22063";;"625214 0.93325470257105 0.93325470257105 WITH N/A ";"POINT Z (265716.82391 6650025.52725 94.55044)";"32633"
"370096599";"482";"6";"2016-02-04";"2017-02-13T15:58:17";"300097";"Oslo";"Lørenskog";"Registreringspunkt";"Kontinuerlig (Nivå 1)";"Motorkjøretøy";"Operativ";"Ø.AKERVEI- BYGRENSA";"4";"2016-02-04";;;"Oslo";"Oslo";"ØST";"Oslo";"RUTE6A 2014-2023";"0303 RIKSVEGER OSLO 2016-2021,0210 Drift Elektro veglyskontrakt Oslo og Akershus";"0300 Rv163 hp1 m9761";"3";"0";"R";"V";"163";"1";"1";"9761";;"625530 0.995686155661983 0.995686155661983 WITH N/A ";"POINT Z (273688.35144 6652581.75204 168.98169)";"32633"
"370096601";"482";"3";"2013-09-26";"2016-11-22T10:53:58";"300114";"LINSTOWS GATE";"PARKVEIEN";"Registreringspunkt";"Kontinuerlig (Nivå 1)";"Motorkjøretøy";"Midlertidig ute av drift";"WERGELANDSV V/SLOTT";"2";"2013-09-26";;;"Oslo";"Oslo";"ØST";"Oslo";"";"";"0301 Kv168 hp1 m409";"3";"301";"K";"V";"168";"1";"1";"409";;"625580 0.165922576591741 0.165922576591741 WITH N/A ";"POINT Z (261385.13956 6650113.91274 30.47329)";"32633"
"370102221";"482";"3";"2013-09-26";"2016-10-31T12:53:50";"300045";"ULLERNCHAUSSEEN";"BÆRUMSVEIEN";"Registreringspunkt";"Kontinuerlig (Nivå 1)";"Motorkjøretøy";"Midlertidig ute av drift";"RV 160 VÆKERØVEIEN";"4";"2013-09-26";;;"Oslo";"Oslo";"ØST";"Oslo";"";"";"0301 Kv160 hp1 m1360";"3";"301";"K";"V";"160";"1";"1";"1360";;"625498 0.203958964966605 0.203958964966605 WITH N/A ";"POINT Z (256452.34682 6651168.82849 71.75244)";"32633"
"370102225";"482";"5";"2017-11-16";"2017-11-16T03:01:06";"300075";"C.Adelers gate";"Filipstadkaia";"Registreringspunkt";"Kontinuerlig (Nivå 1)";"Motorkjøretøy";"Operativ";"MUNKEDAMSVEIEN";"3";"2017-11-16";;;"Oslo";"Oslo";"ØST";"Oslo";"RUTE3 2010-2019,RUTE3 2014-2023";"0303 RIKSVEGER OSLO 2016-2021,0210 Drift Elektro veglyskontrakt Oslo og Akershus";"0300 Rv162 hp1 m4225";"3";"0";"R";"V";"162";"1";"1";"4225";;"625518 0.583293020176055 0.583293020176055 WITH N/A ";"POINT Z (261105.1922 6649301.00612 6.30234)";"32633"
"370102226";"482";"6";"2015-10-23";"2017-03-24T15:34:36";"300076";"BJERKE";;"Registreringspunkt";"Kontinuerlig (Nivå 1)";"Sykkel";"Operativ";"AKERSYKE. SYKKEL 03";"1";"2015-10-23";;;"Oslo";"Oslo";"ØST";"Oslo";"RUTE6A 2010-2019,RUTE6A 2014-2023";"0303 RIKSVEGER OSLO 2016-2021,0210 Drift Elektro veglyskontrakt Oslo og Akershus";"0300 Rv4 hp3 m2400";"3";"0";"R";"V";"4";"3";"3";"2400";;"625367 0.153185004038331 0.153185004038331 WITH N/A ";"POINT Z (265408.91501 6652305.95277 148.81418)";"32633"
"370102227";"482";"6";"2015-10-20";"2015-10-20T04:02:03";"300077";"BYGDØY";;"Registreringspunkt";"Kontinuerlig (Nivå 1)";"Sykkel";"Operativ";"FROGNERST.SYKKEL 03";"1";"2015-10-20";;;"Oslo";"Oslo";"ØST";"Oslo";"RUTE3 2010-2019,RUTE3 2014-2023";"0303 RIKSVEGER OSLO 2016-2021,0210 Drift Elektro veglyskontrakt Oslo og Akershus";"0300 Ev18 hp2 m4155";"3";"0";"E";"V";"18";"2";"2";"4155";;"625294 0.480032652971047 0.480032652971047 WITH N/A ";"POINT Z (259745.50396 6649469.03388 1.74003)";"32633"
"370102231";"482";"4";"2015-05-23";"2015-05-23T04:01:59";"300094";"Oslo";"Lørenskog";"Registreringspunkt";"Kontinuerlig (Nivå 1)";"Motorkjøretøy";"Operativ";"RV159 V/KARIHAUGEN";"5";"2015-05-23";;;"Oslo";"Oslo";"ØST";"Oslo";"RUTE6A 2010-2019,RUTE6A 2014-2023";"0303 RIKSVEGER OSLO 2016-2021,0210 Drift Elektro veglyskontrakt Oslo og Akershus";"0300 Rv159 hp1 m289";"3";"0";"R";"V";"159";"1";"1";"289";;"625646 0.164772002640364 0.164772002640364 WITH N/A ";"POINT Z (272481.33179 6651644.62454 169.33923)";"32633"
"370102232";"482";"2";"2013-03-15";"2013-08-29T09:13:18";"300098";"Ryen";"Ekebergtunnelen";"Registreringspunkt";"Kontinuerlig (Nivå 1)";"Motorkjøretøy";"Operativ";"SVARTDALSTUNNELEN";"4";"2013-03-15";;;"Oslo";"Oslo";"ØST";"Oslo";"RUTE1 2014-2023";"0310 TUNNELKONTRAKT OSLO 2014-2019,0303 RIKSVEGER OSLO 2016-2021";"0300 Ev6 hp50 m500";"3";"0";"E";"V";"6";"50";"50";"500";;"625216 0.197021110486227 0.197021110486227 WITH N/A ";"POINT Z (265287.91808 6647606.3716 111.397)";"32633"
"370102236";"482";"3";"2015-04-14";"2017-08-21T16:01:21";"300348";"AKERSHUS GR.";"LOENGA";"Registreringspunkt";"Kontinuerlig (Nivå 1)";"Motorkjøretøy";"Operativ";"E18-MOSSEV V/FISKEV";"4";"2015-04-14";;;"Oslo";"Oslo";"ØST";"Oslo";"RUTE2A 2010-2019,RUTE2A 2014-2023";"0303 RIKSVEGER OSLO 2016-2021,0210 Drift Elektro veglyskontrakt Oslo og Akershus";"0300 Ev18 hp1 m1800";"3";"0";"E";"V";"18";"1";"1";"1800";;"625292 0.182900732948807 0.182900732948807 WITH N/A ";"POINT Z (263418.80122 6641336.50527 6.85865)";"32633"
"370102269";"482";"4";"2017-08-12";"2017-08-12T04:01:18";"300055";"Sinsen";"Gjelleråsen";"Registreringspunkt";"Kontinuerlig (Nivå 1)";"Motorkjøretøy";"Midlertidig ute av drift";"Bjerke";"4";"2017-08-12";;;"Oslo";"Oslo";"ØST";"Oslo";"RUTE6A 2010-2019,RUTE6A 2014-2023";"0303 RIKSVEGER OSLO 2016-2021,0210 Drift Elektro veglyskontrakt Oslo og Akershus";"0300 Rv4 hp3 m3146";"3";"0";"R";"V";"4";"3";"3";"3146";;"625367 0.227905014832529 0.227905014832529 WITH N/A ";"POINT Z (266134.80151 6652474.91961 160.25651)";"32633"
"370102271";"482";"3";"2016-10-14";"2016-10-14T04:02:27";"300060";"Alnabru";"Furuset";"Registreringspunkt";"Kontinuerlig (Nivå 1)";"Motorkjøretøy";"Nedlagt";"E6 JERIKOVEIEN";"6";"2016-10-14";;;"Oslo";"Oslo";"ØST";"Oslo";"RUTE6A 2010-2019,RUTE6A 2014-2023";"0303 RIKSVEGER OSLO 2016-2021,0210 Drift Elektro veglyskontrakt Oslo og Akershus";"0300 Ev6 hp2 m3217";"3";"0";"E";"V";"6";"2";"2";"3217";;"625215 0.425076488799638 0.425076488799638 WITH N/A ";"POINT Z (270195.0631 6651460.97514 152.4688)";"32633"
"370102958";"482";"7";"2017-04-06";"2017-04-06T04:06:54";"300029";"Ekeberg";"Festning";"Registreringspunkt";"Kontinuerlig (Nivå 1)";"Motorkjøretøy";"Operativ";"Bjørvikatunnel";"6";"2017-04-06";;;"Oslo";"Oslo";"ØST";"Oslo";"RUTE3 2010-2019,RUTE3 2014-2023";"0310 TUNNELKONTRAKT OSLO 2014-2019,0303 RIKSVEGER OSLO 2016-2021";"0300 Ev18 hp2 m850";"3";"0";"E";"V";"18";"2";"2";"850";;"1878201 0.591922005571031 0.591922005571031 WITH N/A ";"POINT Z (262558.48535 6648519.04772 -17.14549)";"32633"
"370103287";"482";"3";"2013-09-26";"2017-03-20T15:43:30";"300046";"Hauketo";"EV 18";"Registreringspunkt";"Kontinuerlig (Nivå 1)";"Motorkjøretøy";"Midlertidig ute av drift";"LIABRUDIAGONALEN";"3";"2013-09-26";;;"Oslo";"Oslo";"ØST";"Oslo";"";"";"0301 Kv155 hp1 m8200";"3";"301";"K";"V";"155";"1";"1";"8200";;"625485 0.919956440282459 0.919956440282459 WITH N/A ";"POINT Z (263947.44982 6641134.59189 40.4278)";"32633"
"370103289";"482";"9";"2017-11-11";"2017-11-11T03:01:22";"300047";"Hammersborgstunnelen";"St.Olavs gt.";"Registreringspunkt";"Kontinuerlig (Nivå 1)";"Motorkjøretøy";"Operativ";"PILESTREDEET 2005";"4";"2017-11-11";;;"Oslo";"Oslo";"ØST";"Oslo";"RUTE3 2010-2019,RUTE3 2014-2023";"0303 RIKSVEGER OSLO 2016-2021,0210 Drift Elektro veglyskontrakt Oslo og Akershus";"0300 Rv162 hp1 m3771";"3";"0";"R";"V";"162";"1";"1";"3771";;"625518 0.0698602760546196 0.0698602760546196 WITH N/A ";"POINT Z (261379.04791 6649612.9243 12.26319)";"32633"
"370103294";"482";"3";"2013-09-26";"2017-08-31T12:18:21";"300161";"SANDAKERVEIEN";"MARIDALSVEIEN";"Registreringspunkt";"Kontinuerlig (Nivå 1)";"Motorkjøretøy";"Midlertidig ute av drift";"VØYEN BRU";"4";"2013-09-26";;;"Oslo";"Oslo";"ØST";"Oslo";"";"";"0301 Kv161 hp2 m3400";"3";"301";"K";"V";"161";"2";"2";"3400";;"625502 0.470392293110166 0.470392293110166 WITH N/A ";"POINT Z (263065.5103 6651519.33973 55.19334)";"32633"
"370103295";"482";"3";"2015-03-26";"2015-03-26T03:02:38";"300225";"OSLO";"DRAMMEN";"Registreringspunkt";"Kontinuerlig (Nivå 1)";"Motorkjøretøy";"Operativ";"MARITIM-510B";"7";"2015-03-26";;;"Oslo";"Oslo";"ØST";"Oslo";"RUTE3 2010-2019,RUTE3 2014-2023";"0303 RIKSVEGER OSLO 2016-2021,0210 Drift Elektro veglyskontrakt Oslo og Akershus";"0300 Ev18 hp2 m6605";"3";"0";"E";"V";"18";"2";"2";"6605";;"625294 0.797545506674363 0.797545506674363 WITH N/A ";"POINT Z (257809.02162 6650272.72491 4.08111)";"32633"
"370103326";"482";"3";"2013-10-10";"2017-10-12T22:27:53";"300025";"Ullern";"Mustad X";"Registreringspunkt";"Kontinuerlig (Nivå 1)";"Motorkjøretøy";"Midlertidig ute av drift";"Granfoss NORD";"4";"2013-10-10";;;"Oslo";"Oslo";"ØST";"Oslo";"RUTE6A 2010-2019,RUTE6A 2014-2023";"0303 RIKSVEGER OSLO 2016-2021";"0300 Rv150 hp1 m12178";"3";"0";"R";"V";"150";"1";"1";"12178";;"625406 0.586228113737282 0.586228113737282 WITH N/A ";"POINT Z (257096.52991 6651245.61718 63.83185)";"32633"
"370103993";"482";"4";"2015-04-23";"2016-02-10T10:42:31";"300030";"HELSFYR";"ETTERSTAD";"Registreringspunkt";"Kontinuerlig (Nivå 1)";"Motorkjøretøy";"Operativ";"Helsfyr";"6";"2015-04-23";;;"Oslo";"Oslo";"ØST";"Oslo";"RUTE6A 2010-2019,RUTE6A 2014-2023";"0303 RIKSVEGER OSLO 2016-2021,0210 Drift Elektro veglyskontrakt Oslo og Akershus";"0300 Ev6 hp51 m2578";"3";"0";"E";"V";"6";"51";"51";"2578";;"625649 0.338083510839124 0.338083510839124 WITH N/A ";"POINT Z (265020.29781 6649045.10641 72.55773)";"32633"
"370104377";"482";"3";"2013-09-26";"2017-08-31T12:18:21";"300048";"Ullevål";"Majorstua";"Registreringspunkt";"Kontinuerlig (Nivå 1)";"Motorkjøretøy";"Midlertidig ute av drift";"MARIENLYST";"4";"2013-09-26";;;"Oslo";"Oslo";"ØST";"Oslo";"";"";"0301 Kv161 hp2 m5500";"3";"301";"K";"V";"161";"2";"2";"5500";;"625502 0.772577732285272 0.772577732285272 WITH N/A ";"POINT Z (261176.47725 6651634.59479 58.74562)";"32633"
"370104379";"482";"4";"2014-08-06";"2016-02-10T10:42:31";"300078";"ALNA";;"Registreringspunkt";"Kontinuerlig (Nivå 1)";"Sykkel";"Operativ";"TEISEN SYKKEL 03";"1";"2014-08-06";;;"Oslo";"Oslo";"ØST";"Oslo";"RUTE6A 2010-2019,RUTE6A 2014-2023";"0303 RIKSVEGER OSLO 2016-2021,0210 Drift Elektro veglyskontrakt Oslo og Akershus";"0300 Ev6 hp51 m1114";"3";"0";"E";"V";"6";"51";"51";"1114";;"625649 0.146161481385403 0.146161481385403 WITH N/A ";"POINT Z (266261.91131 6649799.28447 103.31527)";"32633"
"370104389";"482";"5";"2016-12-03";"2016-12-03T03:02:56";"302256";"Lodalen";"Bjørvika";"Registreringspunkt";"Kontinuerlig (Nivå 1)";"Motorkjøretøy";"Midlertidig ute av drift";"EKEBERGTUNNELEN";"6";"2016-12-03";;;"Oslo";"Oslo";"ØST";"Oslo";"RUTE6A 2010-2019,RUTE6A 2014-2023";"0310 TUNNELKONTRAKT OSLO 2014-2019,0303 RIKSVEGER OSLO 2016-2021";"0300 Ev6 hp51 m4602";"3";"0";"E";"V";"6";"51";"51";"4602";;"625649 0.603384386658437 0.603384386658437 WITH N/A ";"POINT Z (263693.72249 6647841.84369 16.51306)";"32633"
"370104406";"482";"3";"2015-11-26";"2017-08-30T08:49:49";"300062";"Bryn";;"Registreringspunkt";"Kontinuerlig (Nivå 1)";"Motorkjøretøy";"Nedlagt";"ULVENSPLITTEN E6/03";"1";"2015-11-26";;;"Oslo";"Oslo";"ØST";"Oslo";"RUTE1 2014-2023";"0303 RIKSVEGER OSLO 2016-2021,0210 Drift Elektro veglyskontrakt Oslo og Akershus";"0300 Ev6 hp1 m12742";"3";"0";"E";"V";"6";"1";"1";"12742";;"625213 0.6329248123973 0.6329248123973 WITH N/A ";"POINT Z (265740.00988 6650028.90534 94.27407)";"32633"
"457154036";"482";"2";"2014-03-15";"2014-03-15T03:01:36";"300085";"Økernveien";"Risløkka";"Registreringspunkt";"Kontinuerlig (Nivå 1)";"Motorkjøretøy";"Midlertidig ute av drift";"ØKERN V/ALCATEL";"4";"2014-03-15";;;"Oslo";"Oslo";"ØST";"Oslo";"RUTE6A 2014-2023";"0303 RIKSVEGER OSLO 2016-2021,0210 Drift Elektro veglyskontrakt Oslo og Akershus";"0300 Rv163 hp1 m1100";"3";"0";"R";"V";"163";"1";"1";"1100";;"1874702 0.813021052943017 0.813021052943017 WITH N/A ";"POINT Z (266124.39238 6650788.1816 102.16571)";"32633"
"480578701";"482";"2";"2014-03-27";"2016-11-24T10:17:20";"302258";"Sinsen";"Grorud";"Registreringspunkt";"Kontinuerlig (Nivå 1)";"Motorkjøretøy";"Operativ";"ØKERNTUNNELEN";"3";"2014-03-27";;;"Oslo";"Oslo";"ØST";"Oslo";"RUTE6A 2010-2019,RUTE6A 2014-2023";"0310 TUNNELKONTRAKT OSLO 2014-2019,0303 RIKSVEGER OSLO 2016-2021";"0300 Rv163 hp1 m451";"3";"0";"R";"V";"163";"1";"1";"451";;"2312244 0.731664915695841 0.731664915695841 WITH N/A ";"POINT Z (265538.48096 6650971.69092 84.50106)";"32633"
"480578702";"482";"3";"2016-05-03";"2016-05-03T04:01:51";"302257";"Fra Teisen";"Fra Sinsen";"Registreringspunkt";"Kontinuerlig (Nivå 1)";"Motorkjøretøy";"Operativ";"Rv 150 Økern - Sinsen";"6";"2016-05-03";;;"Oslo";"Oslo";"ØST";"Oslo";"RUTE6A 2010-2019,RUTE6A 2014-2023";"0303 RIKSVEGER OSLO 2016-2021";"0300 Rv150 hp1 m1608";"3";"0";"R";"V";"150";"1";"1";"1608";;"2312216 0.318480713649675 0.318480713649675 WITH N/A ";"POINT Z (265386.83544 6651391.32117 70.29563)";"32633"
"594081504";"482";"4";"2016-06-24";"2017-07-05T11:30:24";"300022";"Åsland";"Mortensrud";"Registreringspunkt";"Kontinuerlig (Nivå 1)";"Motorkjøretøy";"Operativ";"Klemetsrud";"5";"2016-06-24";;;"Oslo";"Oslo";"ØST";"Oslo";"RUTE1 2014-2023";"0303 RIKSVEGER OSLO 2016-2021,0210 Drift Elektro veglyskontrakt Oslo og Akershus";"0300 Ev6 hp1 m1191";"3";"0";"E";"V";"6";"1";"1";"1191";;"625212 0.123567040287128 0.123567040287128 WITH N/A ";"POINT Z (267073.14187 6639460.95934 133.48782)";"32633"
"596625720";"482";"2";"2015-06-12";"2018-02-01T14:35:58";"300070";"Ullevål";"Smestad";"Registreringspunkt";"Kontinuerlig (Nivå 1)";"Motorkjøretøy";"Nedlagt";"Gaustad";"6";"2015-06-12";;;"Oslo";"Oslo";"ØST";"Oslo";"RUTE6A 2010-2019,RUTE6A 2014-2023";"0303 RIKSVEGER OSLO 2016-2021,0210 Drift Elektro veglyskontrakt Oslo og Akershus";"0300 Rv150 hp1 m7780";"3";"0";"R";"V";"150";"1";"1";"7780";;"625405 0.794521462121891 0.794521462121891 WITH N/A ";"POINT Z (260860.33175 6653121.50095 106.409)";"32633"
"596625721";"482";"2";"2015-06-12";"2018-02-01T14:35:58";"300071";"Gaustad";"Smestad";"Registreringspunkt";"Kontinuerlig (Nivå 1)";"Motorkjøretøy";"Nedlagt";"Smestadtunnel";"6";"2015-06-12";;;"Oslo";"Oslo";"ØST";"Oslo";"RUTE6A 2010-2019,RUTE6A 2014-2023";"0303 RIKSVEGER OSLO 2016-2021,0210 Drift Elektro veglyskontrakt Oslo og Akershus";"0300 Rv150 hp1 m9560";"3";"0";"R";"V";"150";"1";"1";"9560";;"625405 0.97763386111414 0.97763386111414 WITH N/A ";"POINT Z (259327.52682 6652571.85364 75.10169)";"32633"
"602560723";"482";"5";"2016-11-23";"2018-02-01T14:35:58";"300072";"Gaustad";"Granfoss";"Registreringspunkt";"Kontinuerlig (Nivå 1)";"Motorkjøretøy";"Midlertidig ute av drift";"Smestad Tunnell";"7";"2016-11-23";;;"Oslo";"Oslo";"ØST";"Oslo";"RUTE6A 2010-2019,RUTE6A 2014-2023";"0303 RIKSVEGER OSLO 2016-2021,0210 Drift Elektro veglyskontrakt Oslo og Akershus";"0300 Rv150 hp1 m9520";"3";"0";"R";"V";"150";"1";"1";"9520";;"625405 0.973511070536101 0.973511070536101 WITH N/A ";"POINT Z (259362.65277 6652591.38654 77.20388)";"32633"
"605724062";"482";"1";"2014-12-15";"2016-03-04T13:30:32";"300042";;;"Registreringspunkt";"Kontinuerlig (Nivå 1)";"Motorkjøretøy";"Operativ";"Kong Håkon 5s gate";"6";"2015-06-30";;;"Oslo";"Oslo";"ØST";"Oslo";"RUTE3 2014-2023";"0303 RIKSVEGER OSLO 2016-2021,0210 Drift Elektro veglyskontrakt Oslo og Akershus";"0300 Rv162 hp1 m830";"3";"0";"R";"V";"162";"1";"1";"830";;"2460301 0.60322499816194 0.60322499816194 WITH N/A ";"POINT Z (263010.3775 6648482.80194 4.30296)";"32633"
"606186793";"482";"2";"2015-07-04";"2016-03-04T13:30:32";"300107";"Kongshavn";"Sentrum";"Registreringspunkt";"Kontinuerlig (Nivå 1)";"Motorkjøretøy";"Operativ";"Kong Håkon 5.s gt Nordgående";"3";"2015-07-04";;;"Oslo";"Oslo";"ØST";"Oslo";"RUTE3 2014-2023";"0303 RIKSVEGER OSLO 2016-2021,0210 Drift Elektro veglyskontrakt Oslo og Akershus";"0300 Rv162 hp1 m870";"3";"0";"R";"V";"162";"1";"1";"870";;"2460301 0.712405993304373 0.712405993304373 WITH N/A ";"POINT Z (263025.17053 6648519.14572 4.61274)";"32633"
"606186794";"482";"2";"2015-07-04";"2016-03-04T13:30:32";"300108";"Sentrum";"Kongshavn";"Registreringspunkt";"Kontinuerlig (Nivå 1)";"Motorkjøretøy";"Operativ";"Kong Håkon 5.s gt Sydgående";"3";"2015-07-04";;;"Oslo";"Oslo";"ØST";"Oslo";"RUTE3 2014-2023";"0303 RIKSVEGER OSLO 2016-2021,0210 Drift Elektro veglyskontrakt Oslo og Akershus";"0300 Rv162 hp1 m10110";"3";"0";"R";"V";"162";"1";"1";"10110";;"2460300 0.298518353411864 0.298518353411864 WITH N/A ";"POINT Z (263012.15462 6648524.20808 4.54073)";"32633"
"621370047";"482";"1";"2015-08-14";"2016-11-24T10:17:20";"300109";"Sentrum";"Grorud";"Registreringspunkt";"Kontinuerlig (Nivå 1)";"Motorkjøretøy";"Operativ";"Økerntunellen mot Grorud Datter";"2";"2015-08-15";;;"Oslo";"Oslo";"ØST";"Oslo";"RUTE6A 2010-2019,RUTE6A 2014-2023";"0310 TUNNELKONTRAKT OSLO 2014-2019,0303 RIKSVEGER OSLO 2016-2021";"0300 Rv163 hp1 m425";"3";"0";"R";"V";"163";"1";"1";"425";;"2312244 0.6896365289976 0.6896365289976 WITH N/A ";"POINT Z (265512.72996 6650968.81898 83.74992)";"32633"
"621370048";"482";"1";"2015-08-14";"2015-08-15T04:02:25";"300100";"Grorud";"Sentrum";"Registreringspunkt";"Kontinuerlig (Nivå 1)";"Motorkjøretøy";"Operativ";"Økerntunellen mot Sentrum Datter";"1";"2015-08-15";;;"Oslo";"Oslo";"ØST";"Oslo";"RUTE6A 2010-2019,RUTE6A 2014-2023";"0303 RIKSVEGER OSLO 2016-2021,0210 Drift Elektro veglyskontrakt Oslo og Akershus";"0300 Rv163 hp1 m20200";"3";"0";"R";"V";"163";"1";"1";"20200";;"2312145 0.409060645373013 0.409060645373013 WITH N/A ";"POINT Z (265508.62212 6650979.65931 83.77407)";"32633"
"628586696";"482";"2";"2015-09-17";"2016-02-29T14:53:39";"300140";"Vest";"Øst";"Registreringspunkt";"Kontinuerlig (Nivå 1)";"Motorkjøretøy";"Operativ";"Dr. Eufemias Gt. Østgående Datter";"2";"2015-09-17";;;"Oslo";"Oslo";"ØST";"Oslo";"RUTE3 2014-2023";"0303 RIKSVEGER OSLO 2016-2021,0210 Drift Elektro veglyskontrakt Oslo og Akershus";"0300 Ev18 hp50 m552";"3";"0";"E";"V";"18";"50";"50";"552";;"2460281 0.807686611552895 0.807686611552895 WITH N/A ";"POINT Z (262648.52781 6648843.13786 2.99361)";"32633"
"628586697";"482";"2";"2015-09-17";"2016-08-24T12:23:55";"300139";"Øst";"Vest";"Registreringspunkt";"Kontinuerlig (Nivå 1)";"Motorkjøretøy";"Operativ";"Dr. Eufemias Gt. Vestgående Datter";"2";"2015-09-17";;;"Oslo";"Oslo";"ØST";"Oslo";"RUTE3 2014-2023";"0303 RIKSVEGER OSLO 2016-2021,0210 Drift Elektro veglyskontrakt Oslo og Akershus";"0300 Ev18 hp50 m10470";"3";"0";"E";"V";"18";"50";"50";"10470";;"2460285 0.176839524888333 0.176839524888333 WITH N/A ";"POINT Z (262658.94463 6648860.16562 2.92961)";"32633"
"636222209";"482";"2";"2016-08-20";"2018-02-01T14:35:58";"300093";"Ullevål";"Smestad";"Registreringspunkt";"Kontinuerlig (Nivå 1)";"Motorkjøretøy";"Operativ";"Gaustad";"7";"2016-08-20";;;"Oslo";"Oslo";"ØST";"Oslo";"RUTE6A 2010-2019,RUTE6A 2014-2023";"0303 RIKSVEGER OSLO 2016-2021,0210 Drift Elektro veglyskontrakt Oslo og Akershus";"0300 Rv150 hp1 m8145";"3";"0";"R";"V";"150";"1";"1";"8145";;"625405 0.832050225385782 0.832050225385782 WITH N/A ";"POINT Z (260512.60798 6653195.8069 100.22853)";"32633"
"636473389";"482";"1";"2015-09-29";"2015-09-30T04:02:02";"300141";"Bekkelaget";"Sentrum";"Registreringspunkt";"Kontinuerlig (Nivå 1)";"Motorkjøretøy";"Operativ";"E18 Kongshavn";"6";"2015-09-30";;;"Oslo";"Oslo";"ØST";"Oslo";"RUTE2A 2010-2019,RUTE2A 2014-2023";"0303 RIKSVEGER OSLO 2016-2021,0210 Drift Elektro veglyskontrakt Oslo og Akershus";"0300 Ev18 hp1 m8285";"3";"0";"E";"V";"18";"1";"1";"8285";;"2545188 0.659658071901034 0.659658071901034 WITH N/A ";"POINT Z (262733.27316 6647328.77411 9.45463)";"32633"
"643548977";"482";"2";"2016-12-03";"2017-08-30T08:49:49";"300142";"Ryen";"Teisen";"Registreringspunkt";"Kontinuerlig (Nivå 1)";"Motorkjøretøy";"Midlertidig ute av drift";"E6 Bryn";"4";"2016-12-03";;;"Oslo";"Oslo";"ØST";"Oslo";"RUTE1 2014-2023";"0303 RIKSVEGER OSLO 2016-2021,0210 Drift Elektro veglyskontrakt Oslo og Akershus";"0300 Ev6 hp1 m11285";"3";"0";"E";"V";"6";"1";"1";"11285";;"625213 0.33459246966533 0.33459246966533 WITH N/A ";"POINT Z (266261.5346 6648711.92968 86.5666)";"32633"
"646465868";"482";"2";"2016-01-09";"2016-02-08T13:13:17";"300144";"Furuset";"Ulven";"Registreringspunkt";"Kontinuerlig (Nivå 1)";"Motorkjøretøy";"Operativ";"E6 Alnabru Sydgående Furuset Ulven";"2";"2016-01-09";;;"Oslo";"Oslo";"ØST";"Oslo";"RUTE6A 2010-2019,RUTE6A 2014-2023";"0303 RIKSVEGER OSLO 2016-2021,0210 Drift Elektro veglyskontrakt Oslo og Akershus";"0300 Ev6 hp1 m20277";"3";"0";"E";"V";"6";"1";"1";"20277";;"625214 0.12707274820524 0.12707274820524 WITH N/A ";"POINT Z (266983.58998 6650244.99114 90.71343)";"32633"
"646465870";"482";"2";"2016-01-12";"2017-08-30T08:49:49";"300001";"Ryen";"Bryn";"Registreringspunkt";"Kontinuerlig (Nivå 1)";"Motorkjøretøy";"Operativ";"E6 Manglerud";"6";"2016-01-12";;;"Oslo";"Oslo";"ØST";"Oslo";"RUTE1 2014-2023";"0303 RIKSVEGER OSLO 2016-2021,0210 Drift Elektro veglyskontrakt Oslo og Akershus";"0300 Ev6 hp1 m10300";"3";"0";"E";"V";"6";"1";"1";"10300";;"625213 0.134473844789221 0.134473844789221 WITH N/A ";"POINT Z (266146.87027 6647795.82958 117.77781)";"32633"
"646465872";"482";"2";"2016-01-09";"2016-03-21T16:23:59";"300145";"Furuset";"Helsfyr";"Registreringspunkt";"Kontinuerlig (Nivå 1)";"Motorkjøretøy";"Operativ";"E6 Alnabru Sydgående Furuset Helsfyr";"3";"2016-01-09";;;"Oslo";"Oslo";"ØST";"Oslo";"RUTE6A 2010-2019,RUTE6A 2014-2023";"0303 RIKSVEGER OSLO 2016-2021,0210 Drift Elektro veglyskontrakt Oslo og Akershus";"0300 Ev6 hp51 m341";"3";"0";"E";"V";"6";"51";"51";"341";;"625649 0.0447739971543087 0.0447739971543087 WITH N/A ";"POINT Z (266921.17475 6650200.28924 88.96897)";"32633"
"646548958";"482";"4";"2015-12-03";"2016-02-08T13:13:17";"300152";"Alnabru";"Ulven";"Registreringspunkt";"Kontinuerlig (Nivå 1)";"Motorkjøretøy";"Operativ";"E6 Ulvensplitten Rampe Alnabru Teisen";"1";"2015-12-03";;;"Oslo";"Oslo";"ØST";"Oslo";"RUTE6A 2010-2019,RUTE6A 2014-2023";"0303 RIKSVEGER OSLO 2016-2021,0210 Drift Elektro veglyskontrakt Oslo og Akershus";"0300 Ev6 hp1 m21460";"3";"0";"E";"V";"6";"1";"1";"21460";;"625214 0.663456897788124 0.663456897788124 WITH N/A ";"POINT Z (265818.68119 6650243.36765 98.74684)";"32633"
"646548959";"482";"2";"2016-01-08";"2016-03-21T16:23:59";"300147";"Helsfyr";"Furuset";"Registreringspunkt";"Kontinuerlig (Nivå 1)";"Motorkjøretøy";"Operativ";"E6 Alnabru Nordgående Helsfyr Furuset";"3";"2016-01-08";;;"Oslo";"Oslo";"ØST";"Oslo";"RUTE6A 2010-2019,RUTE6A 2014-2023";"0303 RIKSVEGER OSLO 2016-2021,0210 Drift Elektro veglyskontrakt Oslo og Akershus";"0300 Ev6 hp51 m390";"3";"0";"E";"V";"6";"51";"51";"390";;"625649 0.0511980918984386 0.0511980918984386 WITH N/A ";"POINT Z (266876.77094 6650179.70892 89.19336)";"32633"
"646548960";"482";"2";"2015-11-28";"2018-02-01T14:35:58";"300149";"Teisen";"Økern";"Registreringspunkt";"Kontinuerlig (Nivå 1)";"Motorkjøretøy";"Operativ";"Rv 150 Ulvensplitten Datterpunkt";"4";"2015-11-28";;;"Oslo";"Oslo";"ØST";"Oslo";"RUTE6A 2010-2019,RUTE6A 2014-2023";"0303 RIKSVEGER OSLO 2016-2021";"0300 Rv150 hp1 m320";"3";"0";"R";"V";"150";"1";"1";"320";;"625405 0.0327262210836435 0.0327262210836435 WITH N/A ";"POINT Z (265718.65666 6650201.96926 93.35499)";"32633"
"646548963";"482";"4";"2015-12-03";"2015-12-03T03:03:17";"300151";"Ulven";"Alnabru";"Registreringspunkt";"Kontinuerlig (Nivå 1)";"Motorkjøretøy";"Operativ";"E6 Ulvensplitten Rampe Økern Alnabru";"1";"2015-12-03";;;"Oslo";"Oslo";"ØST";"Oslo";"RUTE1 2014-2023";"0303 RIKSVEGER OSLO 2016-2021,0210 Drift Elektro veglyskontrakt Oslo og Akershus";"0300 Ev6 hp87 m34560";"3";"0";"E";"V";"6";"87";"87";"34560";;"625265 0.890414504403067 0.890414504403067 WITH N/A ";"POINT Z (265796.5757 6650230.72711 98.81678)";"32633"
"646548964";"482";"2";"2016-01-08";"2017-08-30T08:49:49";"300148";"Ulven";"Furuset";"Registreringspunkt";"Kontinuerlig (Nivå 1)";"Motorkjøretøy";"Operativ";"E6 Alnabru Nordgående Ulven Furuset";"2";"2016-01-08";;;"Oslo";"Oslo";"ØST";"Oslo";"RUTE1 2014-2023";"0303 RIKSVEGER OSLO 2016-2021,0210 Drift Elektro veglyskontrakt Oslo og Akershus";"0300 Ev6 hp1 m14080";"3";"0";"E";"V";"6";"1";"1";"14080";;"625213 0.906968233163353 0.906968233163353 WITH N/A ";"POINT Z (266909.58015 6650159.89861 92.83379)";"32633"
"646594315";"482";"2";"2015-12-03";"2015-12-03T03:03:09";"300154";"Alnabru";"Økern";"Registreringspunkt";"Kontinuerlig (Nivå 1)";"Motorkjøretøy";"Operativ";"E6 Ulvensplitten Rampe Alnabru Økern";"1";"2015-12-03";;;"Oslo";"Oslo";"ØST";"Oslo";"RUTE1 2014-2023";"0303 RIKSVEGER OSLO 2016-2021,0210 Drift Elektro veglyskontrakt Oslo og Akershus";"0300 Ev6 hp87 m43125";"3";"0";"E";"V";"6";"87";"87";"43125";;"625266 0.233917073337263 0.233917073337263 WITH N/A ";"POINT Z (265818.36033 6650254.86538 97.8)";"32633"
"646594316";"482";"2";"2016-01-07";"2016-03-21T16:23:59";"300164";"Helsfyr";"Sentrum";"Registreringspunkt";"Kontinuerlig (Nivå 1)";"Motorkjøretøy";"Operativ";"E6 Lodalen";"5";"2016-01-07";;;"Oslo";"Oslo";"ØST";"Oslo";"RUTE6A 2010-2019,RUTE6A 2014-2023";"0303 RIKSVEGER OSLO 2016-2021,0210 Drift Elektro veglyskontrakt Oslo og Akershus";"0300 Ev6 hp51 m4000";"3";"0";"E";"V";"6";"51";"51";"4000";;"625649 0.524512319244419 0.524512319244419 WITH N/A ";"POINT Z (264200.65263 6648134.65267 22.05254)";"32633"
"646594317";"482";"1";"2015-11-27";"2016-04-19T14:51:01";"300158";"Ulven / Helsfyr";"Furuset";"Registreringspunkt";"Kontinuerlig (Nivå 1)";"Motorkjøretøy";"Operativ";"E6 Alnabru Nordgående";"5";"2015-11-28";;;"Oslo";"Oslo";"ØST";"Oslo";"RUTE6A 2010-2019,RUTE6A 2014-2023";"0303 RIKSVEGER OSLO 2016-2021,0210 Drift Elektro veglyskontrakt Oslo og Akershus";"0300 Ev6 hp2 m120";"3";"0";"E";"V";"6";"2";"2";"120";;"625215 0.0112695156750095 0.0112695156750095 WITH N/A ";"POINT Z (267435.64275 6650221.11068 85.93617)";"32633"
"646594318";"482";"2";"2015-12-03";"2017-08-30T08:49:49";"300153";"Teisen";"Alnabru";"Registreringspunkt";"Kontinuerlig (Nivå 1)";"Motorkjøretøy";"Operativ";"E6 Ulvensplitten Rampe Teisen Alnabru";"1";"2015-12-03";;;"Oslo";"Oslo";"ØST";"Oslo";"RUTE1 2014-2023";"0303 RIKSVEGER OSLO 2016-2021,0210 Drift Elektro veglyskontrakt Oslo og Akershus";"0300 Ev6 hp1 m12950";"3";"0";"E";"V";"6";"1";"1";"12950";;"625213 0.675698642130536 0.675698642130536 WITH N/A ";"POINT Z (265796.81639 6650220.58561 98.34135)";"32633"
"646594319";"482";"5";"2016-06-24";"2017-08-30T08:49:49";"300156";"Alnabru";"Ulven";"Registreringspunkt";"Kontinuerlig (Nivå 1)";"Motorkjøretøy";"Operativ";"E6 Ulven";"1";"2016-06-24";;;"Oslo";"Oslo";"ØST";"Oslo";"RUTE1 2014-2023";"0303 RIKSVEGER OSLO 2016-2021,0210 Drift Elektro veglyskontrakt Oslo og Akershus";"0300 Ev6 hp1 m13130";"3";"0";"E";"V";"6";"1";"1";"13130";;"625213 0.71271445632276 0.71271445632276 WITH N/A ";"POINT Z (265979.84843 6650257.57373 98.75859)";"32633"
"646594320";"482";"2";"2016-01-09";"2016-04-19T14:51:01";"300157";"Furuset";"Ulven / Helsfyr";"Registreringspunkt";"Kontinuerlig (Nivå 1)";"Motorkjøretøy";"Operativ";"E6 Alnabru Sydgående";"5";"2016-01-09";;;"Oslo";"Oslo";"ØST";"Oslo";"RUTE6A 2010-2019,RUTE6A 2014-2023";"0303 RIKSVEGER OSLO 2016-2021,0210 Drift Elektro veglyskontrakt Oslo og Akershus";"0300 Ev6 hp2 m100";"3";"0";"E";"V";"6";"2";"2";"100";;"625215 0.00858629765715013 0.00858629765715013 WITH N/A ";"POINT Z (267415.67863 6650222.76763 85.70845)";"32633"
"646594321";"482";"2";"2015-12-03";"2015-12-03T03:03";"300155";"Økern";"Teisen";"Registreringspunkt";"Kontinuerlig (Nivå 1)";"Motorkjøretøy";"Operativ";"Rv 150 Økern";"6";"2015-12-03";;;"Oslo";"Oslo";"ØST";"Oslo";"RUTE6A 2010-2019,RUTE6A 2014-2023";"0303 RIKSVEGER OSLO 2016-2021,0210 Drift Elektro veglyskontrakt Oslo og Akershus";"0300 Rv150 hp1 m745";"3";"0";"R";"V";"150";"1";"1";"745";;"2312166 0.0626304801670146 0.0626304801670146 WITH N/A ";"POINT Z (265546.43925 6650575.82735 88.6362)";"32633"
"646594322";"482";"3";"2016-01-07";"2016-01-07T03:02:45";"300163";"Sentrum";"Lodalen";"Registreringspunkt";"Kontinuerlig (Nivå 1)";"Motorkjøretøy";"Operativ";"E6 Lodalen Rampe Sentrum Lodalen";"1";"2016-01-07";;;"Oslo";"Oslo";"ØST";"Oslo";"RUTE6A 2010-2019,RUTE6A 2014-2023";"0303 RIKSVEGER OSLO 2016-2021,0210 Drift Elektro veglyskontrakt Oslo og Akershus";"0300 Ev6 hp75 m32014";"3";"0";"E";"V";"6";"75";"75";"32014";;"625604 0.0925913343034144 0.0925913343034144 WITH N/A ";"POINT Z (264201.50967 6648110.35788 21.66868)";"32633"
"646594323";"482";"2";"2016-01-06";"2016-02-10T10:42:31";"300160";"Helsfyr";"Sentrum";"Registreringspunkt";"Kontinuerlig (Nivå 1)";"Motorkjøretøy";"Operativ";"E6 Lodalen Helsfyr mot Sentrum";"4";"2016-01-06";;;"Oslo";"Oslo";"ØST";"Oslo";"RUTE6A 2010-2019,RUTE6A 2014-2023";"0303 RIKSVEGER OSLO 2016-2021,0210 Drift Elektro veglyskontrakt Oslo og Akershus";"0300 Ev6 hp51 m4018";"3";"0";"E";"V";"6";"51";"51";"4018";;"625649 0.526883970352521 0.526883970352521 WITH N/A ";"POINT Z (264190.56105 6648119.64255 21.79903)";"32633"
"646594324";"482";"3";"2016-01-07";"2016-01-07T03:02:25";"300162";"Helsfyr";"Lodalen";"Registreringspunkt";"Kontinuerlig (Nivå 1)";"Motorkjøretøy";"Operativ";"E6 Lodalen Rampe Helsfyr Lodalen";"1";"2016-01-07";;;"Oslo";"Oslo";"ØST";"Oslo";"RUTE6A 2010-2019,RUTE6A 2014-2023";"0303 RIKSVEGER OSLO 2016-2021,0210 Drift Elektro veglyskontrakt Oslo og Akershus";"0300 Ev6 hp75 m12123";"3";"0";"E";"V";"6";"75";"75";"12123";;"625599 0.724060150173573 0.724060150173573 WITH N/A ";"POINT Z (264171.3235 6648133.14305 21.57153)";"32633"
"649271192";"482";"1";"2015-11-30";"2018-02-01T14:35:58";"300165";"Teisen";"Økern";"Registreringspunkt";"Kontinuerlig (Nivå 1)";"Motorkjøretøy";"Operativ";"Rv 150 Hovin";"6";"2015-12-01";;;"Oslo";"Oslo";"ØST";"Oslo";"RUTE6A 2010-2019,RUTE6A 2014-2023";"0303 RIKSVEGER OSLO 2016-2021";"0300 Rv150 hp1 m0";"3";"0";"R";"V";"150";"1";"1";"0";;"625405 0.0 0.0 WITH N/A ";"POINT Z (265733.29977 6649885.2948 95.3)";"32633"
"649271197";"482";"2";"2015-12-03";"2018-02-01T14:35:58";"300166";;;"Registreringspunkt";"Kontinuerlig (Nivå 1)";"Motorkjøretøy";"Operativ";"Rv 150 Ulvensplitten";"4";"2015-12-03";;;"Oslo";"Oslo";"ØST";"Oslo";"RUTE6A 2010-2019,RUTE6A 2014-2023";"0303 RIKSVEGER OSLO 2016-2021";"0300 Rv150 hp1 m330";"3";"0";"R";"V";"150";"1";"1";"330";;"625405 0.0337489154925074 0.0337489154925074 WITH N/A ";"POINT Z (265718.18834 6650211.88084 93.27984)";"32633"
"657496139";"482";"3";"2016-06-24";"2016-12-20T15:57:49";"300149";"Manglerud";"Bryn";"Registreringspunkt";"Kontinuerlig (Nivå 1)";"Sykkel";"Operativ";"Bryn Sykkel";"1";"2016-06-24";;;"Oslo";"Oslo";"ØST";"Oslo";"";"0303 RIKSVEGER OSLO 2016-2021,0210 Drift Elektro veglyskontrakt Oslo og Akershus";"0300 Eg6 hp1 m10440";"3";"0";"E";"G";"6";"1";"1";"10440";;"622830 0.450256712678019 0.450256712678019 WITH N/A ";"POINT Z (266232.06599 6647886.26988 119.98392)";"32633"
"657595187";"482";"2";"2017-08-10";"2017-08-10T04:01:15";"300167";;;"Registreringspunkt";"Kontinuerlig (Nivå 1)";"Motorkjøretøy";"Midlertidig ute av drift";"Rv 4 Bjerke Total";"6";"2017-08-10";;;"Oslo";"Oslo";"ØST";"Oslo";"RUTE6A 2010-2019,RUTE6A 2014-2023";"0303 RIKSVEGER OSLO 2016-2021,0210 Drift Elektro veglyskontrakt Oslo og Akershus";"0300 Rv4 hp3 m3300";"3";"0";"R";"V";"4";"3";"3";"3300";;"625367 0.243324618021501 0.243324618021501 WITH N/A ";"POINT Z (266280.61674 6652524.46889 158.5274)";"32633"
"680898085";"482";"2";"2016-06-24";"2016-06-24T04:02:16";"300170";"Kongshavn";"Sentrum";"Registreringspunkt";"Kontinuerlig (Nivå 1)";"Sykkel";"Operativ";"Kong Håkon 5s gate Sykkel";"1";"2016-06-24";;;"Oslo";"Oslo";"ØST";"Oslo";"";"0303 RIKSVEGER OSLO 2016-2021";"0300 Rg162 hp1 m880";"3";"0";"R";"G";"162";"1";"1";"880";;"2555360 0.635936165768348 0.635936165768348 WITH N/A ";"POINT Z (263039.04941 6648531.09889 5.42462)";"32633"
"745003652";"482";"1";"2016-08-22";"2016-10-12T04:02:13";"300172";"Alnabru";"Karihaugen";"Registreringspunkt";"Kontinuerlig (Nivå 1)";"Motorkjøretøy";"Operativ";"E6 Furuset Sydgående";"4";"2016-10-12";;;"Oslo";"Oslo";"ØST";"Oslo";"RUTE6A 2010-2019,RUTE6A 2014-2023";"0303 RIKSVEGER OSLO 2016-2021,0210 Drift Elektro veglyskontrakt Oslo og Akershus";"0300 Ev6 hp2 m3445";"3";"0";"E";"V";"6";"2";"2";"3445";;"625215 0.455571505921416 0.455571505921416 WITH N/A ";"POINT Z (270403.9343 6651551.52085 154.90712)";"32633"
"745389999";"482";"2";"2016-12-08";"2017-08-30T15:51:48";"300173";"Vika";"Fillipstad";"Registreringspunkt";"Kontinuerlig (Nivå 1)";"Sykkel";"Operativ";"Munkedamsveien Sykkel";"1";"2016-12-08";;;"Oslo";"Oslo";"ØST";"Oslo";"";"0303 RIKSVEGER OSLO 2016-2021,0210 Drift Elektro veglyskontrakt Oslo og Akershus";"0300 Rg162 hp201 m2786";"3";"0";"R";"G";"162";"201";"201";"2786";;"1996708 0.217446794812072 0.217446794812072 WITH N/A ";"POINT Z (261053.78525 6649238.94369 5.6569)";"32633"
"749157801";"482";"1";"2016-11-01";"2017-11-08T14:09:15";"300174";"Ullevåll";"Smestad";"Registreringspunkt";"Kontinuerlig (Nivå 1)";"Sykkel";"Operativ";"Gaustad Sykkel";"2";"2016-11-18";;;"Oslo";"Oslo";"ØST";"Oslo";"";"0303 RIKSVEGER OSLO 2016-2021";"0300 Rg150 hp201 m8000";"3";"0";"R";"G";"150";"201";"201";"8000";;"2639744 0.886904761904762 0.886904761904762 WITH N/A ";"POINT Z (260599.07111 6653135.4599 104.41258)";"32633"
"759353021";"482";"2";"2017-04-06";"2017-04-06T04:09:26";"300175";"Øst";"Vest";"Registreringspunkt";"Kontinuerlig (Nivå 1)";"Sykkel";"Operativ";"Dr. Eufemias Gt. Sykkel Østgående";"1";"2017-04-06";;;"Oslo";"Oslo";"ØST";"Oslo";"RUTE3 2014-2023";"0303 RIKSVEGER OSLO 2016-2021,0210 Drift Elektro veglyskontrakt Oslo og Akershus";"0300 Ev18 hp50 m516";"3";"0";"E";"V";"18";"50";"50";"516";;"2460281 0.711529917329342 0.711529917329342 WITH N/A ";"POINT Z (262617.0501 6648860.95478 2.69802)";"32633"
"760975413";"482";"1";"2016-08-22";"2017-01-14T03:02:36";"300171";"Alnabru";"Karihaugen";"Registreringspunkt";"Kontinuerlig (Nivå 1)";"Motorkjøretøy";"Operativ";"E6 Furuset Nordgående";"4";"2017-01-14";;;"Oslo";"Oslo";"ØST";"Oslo";"RUTE6A 2010-2019,RUTE6A 2014-2023";"0303 RIKSVEGER OSLO 2016-2021,0210 Drift Elektro veglyskontrakt Oslo og Akershus";"0300 Ev6 hp2 m3096";"3";"0";"E";"V";"6";"2";"2";"3096";;"625215 0.40889272971308 0.40889272971308 WITH N/A ";"POINT Z (270084.01227 6651413.55325 148.25356)";"32633"
"765755130";"482";"1";"2017-02-01";"2017-04-06T04:10:46";"300177";"Øst";"Vest";"Registreringspunkt";"Kontinuerlig (Nivå 1)";"Sykkel";"Operativ";"Dr. Eufemias gt. Sykkel Vestgående";"1";"2017-04-06";;;"Oslo";"Oslo";"ØST";"Oslo";"RUTE3 2014-2023";"0303 RIKSVEGER OSLO 2016-2021,0210 Drift Elektro veglyskontrakt Oslo og Akershus";"0300 Ev18 hp50 m10450";"3";"0";"E";"V";"18";"50";"50";"10450";;"2460285 0.127025574215563 0.127025574215563 WITH N/A ";"POINT Z (262676.37139 6648850.29702 3.09601)";"32633"
"808484657";"482";"1";"2017-08-02";"2017-08-03T04:01:20";"300180";"Fra Furuset";"Fra Kaldbakken";"Registreringspunkt";"Kontinuerlig (Nivå 1)";"Motorkjøretøy";"Operativ";"Nedre Kaldbakkvei V/ Østre Akersvei";"2";"2017-08-03";;;"Oslo";"Oslo";"ØST";"Oslo";"RUTE6A 2014-2023";"0303 RIKSVEGER OSLO 2016-2021,0210 Drift Elektro veglyskontrakt Oslo og Akershus";"0300 Rv191 hp1 m1565";"3";"0";"R";"V";"191";"1";"1";"1565";;"625613 0.881873174148658 0.881873174148658 WITH N/A ";"POINT Z (268670.04448 6652035.16249 110.79324)";"32633"
"842566316";"482";"2";"2017-11-03";"2017-11-03T03:01:10";"300183";"Mustad";"Tunnel";"Registreringspunkt";"Kontinuerlig (Nivå 1)";"Motorkjøretøy";"Operativ";"Granfoss Rampe Østgående";"2";"2017-11-03";;;"Oslo";"Oslo";"ØST";"Oslo";"RUTE6A 2010-2019,RUTE6A 2014-2023";"0303 RIKSVEGER OSLO 2016-2021,0210 Drift Elektro veglyskontrakt Oslo og Akershus";"0300 Rv150 hp93 m32257";"3";"0";"R";"V";"150";"93";"93";"32257";;"625466 0.869407497251482 0.869407497251482 WITH N/A ";"POINT Z (255996.11919 6650458.7757 24.45973)";"32633"
"842566317";"482";"2";"2017-11-03";"2017-11-03T03:01:13";"300182";"Tunnel";"Mustad";"Registreringspunkt";"Kontinuerlig (Nivå 1)";"Motorkjøretøy";"Operativ";"Granfoss Rampe Vestgående";"2";"2017-11-03";;;"Oslo";"Oslo";"ØST";"Oslo";"RUTE6A 2010-2019,RUTE6A 2014-2023";"0303 RIKSVEGER OSLO 2016-2021";"0300 Rv150 hp93 m23175";"3";"0";"R";"V";"150";"93";"93";"23175";;"2791531 0.625 0.625 WITH N/A ";"POINT Z (255855.23532 6650525.76599 23.06495)";"32633"
"843635151";"482";"2";"2017-11-15";"2017-11-15T03:01:18";"300184";"Gaustad";"Ullern";"Registreringspunkt";"Kontinuerlig (Nivå 1)";"Sykkel";"Operativ";"Smestad Sykkel";"2";"2017-11-15";;;"Oslo";"Oslo";"ØST";"Oslo";"";"";"0301 Kg150 hp201 m12282";"3";"301";"K";"G";"150";"201";"201";"12282";;"624437 0.0931209260267761 0.0931209260267761 WITH N/A ";"POINT Z (259111.36579 6652442.67297 67.66875)";"32633"
"844352582";"482";"1";"2017-10-23";"2017-12-01T03:02:18";"300181";"Bjørvika";"Grønland";"Registreringspunkt";"Kontinuerlig (Nivå 1)";"Motorkjøretøy";"Operativ";"Østre Tangent";"2";"2017-12-01";;;"Oslo";"Oslo";"ØST";"Oslo";"RUTE3 2010-2019,RUTE3 2014-2023";"0303 RIKSVEGER OSLO 2016-2021,0210 Drift Elektro veglyskontrakt Oslo og Akershus";"0300 Rv162 hp1 m1442";"3";"0";"R";"V";"162";"1";"1";"1442";;"2041694 0.738404651768746 0.738404651768746 WITH N/A ";"POINT Z (263013.61149 6648986.08785 3.67971)";"32633"
"845291288";"482";"1";"2017-12-19";"2018-02-01T14:35:58";"300099";"MARIDALSVEIEN";"SOGNSVEIEN";"Registreringspunkt";"Kontinuerlig (Nivå 1)";"Motorkjøretøy";"Operativ";"TÅSENTUNNELEN";"4";"2017-12-19";;;"Oslo";"Oslo";"ØST";"Oslo";"RUTE6A 2010-2019,RUTE6A 2014-2023";"0303 RIKSVEGER OSLO 2016-2021,0210 Drift Elektro veglyskontrakt Oslo og Akershus";"0300 Rv150 hp1 m5709";"3";"0";"R";"V";"150";"1";"1";"5709";;"2783687 0.473062730627306 0.473062730627306 WITH N/A ";"POINT Z (262775.7452 6653811.06654 97.59281)";"32633"
